{
  "id": "a2cac8e8-8201-4a6d-bc13-645468fee171",
  "schemaVersion": 2,
  "name": "Tinder Swipe",
  "description": "",
  "baseQuestionType": "GridForm",
  "disableDefaultRendering": true,
  "iconUrl": "design/icon.svg",
  "designEntryPoint": "design/index.html",
  "runtimeEntryPoint": {
    "component": "runtime/loader.js",
    "deps": {
      "scripts": [
        "https://code.jquery.com/jquery-3.6.0.min.js"
      ],
      "styles": [
        "runtime/styles.css",
        "https://cdnjs.cloudflare.com/ajax/libs/font-awesome/4.7.0/css/font-awesome.min.css"
      ]
    }
  }
}
